Student;GitHub handle;Fork repo link;Language;Group
Анищенко Александр Игоревич;Kaban41k;https://github.com/Kaban41k/syspro-compiler;Java;24126
Горлач Андрей Викторович;bblcs;https://github.com/bblcs/sysploc;OCaml;24126
Ершов Егор Алексеевич;Wokzy;https://github.com/Wokzy/compiler-base-nsu-syspro;Python;24126
Загитов Ростислав Исмагилович;RostyanYandexLyceumCheeeeck;https://github.com/RostyanYandexLyceumCheeeeck/syspro-compiler;C++;24126
Корнев Евгений Георгиевич;EugeneKornev;https://github.com/EugeneKornev/compiler-base;Scala;24126
Попов Никита Андреевич;NekrodNIK;https://github.com/NekrodNIK/splc;OCaml;24126
Рудометова Марина Сергеевна;mardaruin;https://github.com/mardaruin/nsu-syspro-compiler;Python;24126
Совцов Илья Дмитриевич;bo1led-owl;https://github.com/bo1led-owl/spl-compiler;Zig;24126
Шарапов Никита Борисович;Trinity-142;https://github.com/Trinity-142/syspro-compiler;Scala;24126
Яковлев Максим Витальевич;whiteevilbro;https://github.com/whiteevilbro/compiler-sysprolang;C;24126
